<?xml version="1.0" encoding="UTF-8"?>
<!--

     Copyright 2005-2014 Red Hat, Inc.

     Red Hat licenses this file to you under the Apache License, version
     2.0 (the "License"); you may not use this file except in compliance
     with the License.  You may obtain a copy of the License at

        http://www.apache.org/licenses/LICENSE-2.0

     Unless required by applicable law or agreed to in writing, software
     distributed under the License is distributed on an "AS IS" BASIS,
     WITHOUT WARRANTIES OR CONDITIONS OF ANY KIND, either express or
     implied.  See the License for the specific language governing
     permissions and limitations under the License.

-->
<beans xmlns="http://www.springframework.org/schema/beans"
       xmlns:xsi="http://www.w3.org/2001/XMLSchema-instance"
       xmlns:camel="http://camel.apache.org/schema/spring"
       xsi:schemaLocation="
         http://www.springframework.org/schema/beans http://www.springframework.org/schema/beans/spring-beans.xsd
         http://camel.apache.org/schema/spring http://camel.apache.org/schema/spring/camel-spring.xsd">

  <camelContext xmlns="http://camel.apache.org/schema/spring">

    <route id="helloRoute">
      <!-- incoming requests from the servlet is routed -->
      <from uri="servlet:///hello"/>
      <choice>
        <when>
          <!-- is there a header with the key name? -->
          <header>name</header>
          <!-- yes so return back a message to the user -->
          <transform>
            <simple>Hello ${header.name} how are you?</simple>
          </transform>
        </when>
        <otherwise>
          <!-- if no name parameter then output a syntax to the user -->
          <transform>
            <constant>Add a name parameter to uri, eg ?name=foo</constant>
          </transform>
        </otherwise>
      </choice>
    </route>

  </camelContext>

</beans>